"markers","pvalues","pvalues_adj"
"CD4","7.92e-01",0.847
"CD8","8.10e-01",0.847
"CK","2.35e-01",0.626666666666667
"CD20","2.23e-01",0.626666666666667
"FOXP3","4.90e-01",0.847
"CD68","1.61e-01",0.626666666666667
"CD11c","8.47e-01",0.847
"CD56","7.57e-01",0.847
